0,upscale_factor,2
1,batchSize,12
2,testBatchSize,100
3,Epoch,100
4,learningRate,0.001
5,threads,12
6,Num of parameters,13316
7,Loss,1,1,0.24047702550888062
8,Loss,1,2,0.2675439119338989
9,Loss,1,3,0.26960334181785583
10,Loss,1,4,0.2142990380525589
11,Loss,1,5,0.1866239756345749
12,Loss,1,6,0.17275935411453247
13,Loss,1,7,0.13715717196464539
14,Loss,1,8,0.1610351800918579
15,Loss,1,9,0.13854724168777466
16,Loss,1,10,0.12736891210079193
17,Loss,1,11,0.08838501572608948
18,Loss,1,12,0.06730174273252487
19,Loss,1,13,0.07538693398237228
20,Loss,1,14,0.050871361047029495
21,Loss,1,15,0.07274048775434494
22,Loss,1,16,0.05673844739794731
23,Loss,1,17,0.06283525377511978
24,Avg_ioss,1,0.14056908207781174
25,PSNR,1,12.101393518221432
26,Loss,2,1,0.07411951571702957
27,Loss,2,2,0.0615726001560688
28,Loss,2,3,0.05267566442489624
29,Loss,2,4,0.044839631766080856
30,Loss,2,5,0.06932628899812698
31,Loss,2,6,0.07956675440073013
32,Loss,2,7,0.0656733289361
33,Loss,2,8,0.042615991085767746
34,Loss,2,9,0.06840934604406357
35,Loss,2,10,0.054257288575172424
36,Loss,2,11,0.04340144991874695
37,Loss,2,12,0.05781335011124611
38,Loss,2,13,0.04671277478337288
39,Loss,2,14,0.05096143111586571
40,Loss,2,15,0.04841393232345581
41,Loss,2,16,0.05691760405898094
42,Loss,2,17,0.060786157846450806
43,Avg_ioss,2,0.05753312413306797
44,PSNR,2,12.538654383360974
45,Loss,3,1,0.0462159626185894
46,Loss,3,2,0.05479816719889641
47,Loss,3,3,0.06084449216723442
48,Loss,3,4,0.04976353049278259
49,Loss,3,5,0.03664669394493103
50,Loss,3,6,0.04563111066818237
51,Loss,3,7,0.0611993707716465
52,Loss,3,8,0.0484524704515934
53,Loss,3,9,0.055755939334630966
54,Loss,3,10,0.0375114269554615
55,Loss,3,11,0.050424497574567795
56,Loss,3,12,0.046707119792699814
57,Loss,3,13,0.043923746794462204
58,Loss,3,14,0.04710453376173973
59,Loss,3,15,0.03441176563501358
60,Loss,3,16,0.034220173954963684
61,Loss,3,17,0.03802872821688652
62,Avg_ioss,3,0.04656704296084011
63,PSNR,3,13.926226803103624
64,Loss,4,1,0.032370682805776596
65,Loss,4,2,0.02776213176548481
66,Loss,4,3,0.04028800129890442
67,Loss,4,4,0.03960409015417099
68,Loss,4,5,0.043028444051742554
69,Loss,4,6,0.02456710673868656
70,Loss,4,7,0.02362222783267498
71,Loss,4,8,0.02444673888385296
72,Loss,4,9,0.02368229068815708
73,Loss,4,10,0.021776558831334114
74,Loss,4,11,0.018975084647536278
75,Loss,4,12,0.018283940851688385
76,Loss,4,13,0.013284767977893353
77,Loss,4,14,0.012781604193150997
78,Loss,4,15,0.010534199886023998
79,Loss,4,16,0.00959451962262392
80,Loss,4,17,0.010335413739085197
81,Avg_ioss,4,0.023231635527575716
82,PSNR,4,18.915333015384498
83,Loss,5,1,0.013051892630755901
84,Loss,5,2,0.011879581026732922
85,Loss,5,3,0.011311476118862629
86,Loss,5,4,0.010842510499060154
87,Loss,5,5,0.01265992596745491
88,Loss,5,6,0.011990875005722046
89,Loss,5,7,0.013062615878880024
90,Loss,5,8,0.00924163218587637
91,Loss,5,9,0.008920005522668362
92,Loss,5,10,0.012581300921738148
93,Loss,5,11,0.0073822420090436935
94,Loss,5,12,0.009327351115643978
95,Loss,5,13,0.007891965098679066
96,Loss,5,14,0.008622363209724426
97,Loss,5,15,0.009285254403948784
98,Loss,5,16,0.011393863707780838
99,Loss,5,17,0.009409422986209393
100,Avg_ioss,5,0.010520839899340096
101,PSNR,5,20.366582743412955
102,Loss,6,1,0.01008753851056099
103,Loss,6,2,0.010160871781408787
104,Loss,6,3,0.007003495004028082
105,Loss,6,4,0.006333193276077509
106,Loss,6,5,0.007336299866437912
107,Loss,6,6,0.00896162074059248
108,Loss,6,7,0.005803362932056189
109,Loss,6,8,0.007294103037565947
110,Loss,6,9,0.009381229989230633
111,Loss,6,10,0.006960663478821516
112,Loss,6,11,0.005447519943118095
113,Loss,6,12,0.006116917356848717
114,Loss,6,13,0.008137241005897522
115,Loss,6,14,0.0079639358446002
116,Loss,6,15,0.0076408362947404385
117,Loss,6,16,0.006350076291710138
118,Loss,6,17,0.0076991114765405655
119,Avg_ioss,6,0.007569295107660925
120,PSNR,6,21.290653955718334
121,Loss,7,1,0.007297405507415533
122,Loss,7,2,0.006963516119867563
123,Loss,7,3,0.00553916348144412
124,Loss,7,4,0.005627452861517668
125,Loss,7,5,0.005209310445934534
126,Loss,7,6,0.006381945218890905
127,Loss,7,7,0.007985523901879787
128,Loss,7,8,0.005467443261295557
129,Loss,7,9,0.007816643454134464
130,Loss,7,10,0.006457773502916098
131,Loss,7,11,0.005848506465554237
132,Loss,7,12,0.008765066973865032
133,Loss,7,13,0.006594011094421148
134,Loss,7,14,0.005436854436993599
135,Loss,7,15,0.006476567592471838
136,Loss,7,16,0.007414286956191063
137,Loss,7,17,0.0051859598606824875
138,Avg_ioss,7,0.006498084184439743
139,PSNR,7,21.758292624885165
140,Loss,8,1,0.0061684646643698215
141,Loss,8,2,0.00710492767393589
142,Loss,8,3,0.004280744586139917
143,Loss,8,4,0.008719248697161674
144,Loss,8,5,0.007268104236572981
145,Loss,8,6,0.006800242234021425
146,Loss,8,7,0.005064853932708502
147,Loss,8,8,0.0053390259854495525
148,Loss,8,9,0.005736093502491713
149,Loss,8,10,0.005895704030990601
150,Loss,8,11,0.005302235018461943
151,Loss,8,12,0.00513048842549324
152,Loss,8,13,0.0032918835058808327
153,Loss,8,14,0.00823681429028511
154,Loss,8,15,0.004674085415899754
155,Loss,8,16,0.00682587968185544
156,Loss,8,17,0.0037178434431552887
157,Avg_ioss,8,0.005856272901463158
158,PSNR,8,22.169312581002583
159,Loss,9,1,0.004170907195657492
160,Loss,9,2,0.004923670087009668
161,Loss,9,3,0.005256649572402239
162,Loss,9,4,0.006574185099452734
163,Loss,9,5,0.00532442145049572
164,Loss,9,6,0.00574098527431488
165,Loss,9,7,0.003945471253246069
166,Loss,9,8,0.0048575871624052525
167,Loss,9,9,0.005281079560518265
168,Loss,9,10,0.005499149207025766
169,Loss,9,11,0.005945498589426279
170,Loss,9,12,0.006453205365687609
171,Loss,9,13,0.005424520466476679
172,Loss,9,14,0.004532881546765566
173,Loss,9,15,0.005562898237258196
174,Loss,9,16,0.0062641059048473835
175,Loss,9,17,0.005069591570645571
176,Avg_ioss,9,0.005342753384919728
177,PSNR,9,22.54904151950228
178,Loss,10,1,0.005002699326723814
179,Loss,10,2,0.0067086294293403625
180,Loss,10,3,0.003305988386273384
181,Loss,10,4,0.005884118843823671
182,Loss,10,5,0.004772612825036049
183,Loss,10,6,0.004423909354954958
184,Loss,10,7,0.0054037305526435375
185,Loss,10,8,0.004258568864315748
186,Loss,10,9,0.00296015408821404
187,Loss,10,10,0.004870876204222441
188,Loss,10,11,0.005797861143946648
189,Loss,10,12,0.004122091922909021
190,Loss,10,13,0.0057060797698795795
191,Loss,10,14,0.005396582651883364
192,Loss,10,15,0.006086813751608133
193,Loss,10,16,0.003950275015085936
194,Loss,10,17,0.004266937728971243
195,Avg_ioss,10,0.004877525285872466
196,PSNR,10,22.94231640102467
197,Loss,11,1,0.003699755296111107
198,Loss,11,2,0.005404159426689148
199,Loss,11,3,0.0031730253249406815
200,Loss,11,4,0.0036139795556664467
201,Loss,11,5,0.0041227578185498714
202,Loss,11,6,0.005798960570245981
203,Loss,11,7,0.0046320026740431786
204,Loss,11,8,0.004794208332896233
205,Loss,11,9,0.0044835940934717655
206,Loss,11,10,0.004059587139636278
207,Loss,11,11,0.004343449603766203
208,Loss,11,12,0.00561843765899539
209,Loss,11,13,0.003634420456364751
210,Loss,11,14,0.005618636030703783
211,Loss,11,15,0.0049178688786923885
212,Loss,11,16,0.004196634516119957
213,Loss,11,17,0.0028671184554696083
214,Avg_ioss,11,0.0044105056371978105
215,PSNR,11,23.31716245244616
216,Loss,12,1,0.0034654189366847277
217,Loss,12,2,0.0033705097157508135
218,Loss,12,3,0.003986796364188194
219,Loss,12,4,0.004682720173150301
220,Loss,12,5,0.0035922452807426453
221,Loss,12,6,0.003773116273805499
222,Loss,12,7,0.005152405705302954
223,Loss,12,8,0.003988726530224085
224,Loss,12,9,0.004073388874530792
225,Loss,12,10,0.0031817720737308264
226,Loss,12,11,0.004567894618958235
227,Loss,12,12,0.004125261213630438
228,Loss,12,13,0.004307688679546118
229,Loss,12,14,0.005404351279139519
230,Loss,12,15,0.004466569051146507
231,Loss,12,16,0.0043539381586015224
232,Loss,12,17,0.0026743183843791485
233,Avg_ioss,12,0.0040686541949124895
234,PSNR,12,23.680955900945886
235,Loss,13,1,0.004297127015888691
236,Loss,13,2,0.00416773185133934
237,Loss,13,3,0.003149162046611309
238,Loss,13,4,0.004312094300985336
239,Loss,13,5,0.004138824064284563
240,Loss,13,6,0.0030998492147773504
241,Loss,13,7,0.005349726881831884
242,Loss,13,8,0.003440515138208866
243,Loss,13,9,0.0035638075787574053
244,Loss,13,10,0.0024910836946219206
245,Loss,13,11,0.003786565037444234
246,Loss,13,12,0.006793725769966841
247,Loss,13,13,0.0033239421900361776
248,Loss,13,14,0.002577668521553278
249,Loss,13,15,0.002215328859165311
250,Loss,13,16,0.00472029484808445
251,Loss,13,17,0.0034118187613785267
252,Avg_ioss,13,0.003814074457349146
253,PSNR,13,23.867108991623333
254,Loss,14,1,0.0038827608805149794
255,Loss,14,2,0.003368677571415901
256,Loss,14,3,0.003547941567376256
257,Loss,14,4,0.003842320991680026
258,Loss,14,5,0.004696303512901068
259,Loss,14,6,0.00458892434835434
260,Loss,14,7,0.003722243010997772
261,Loss,14,8,0.0035800652112811804
262,Loss,14,9,0.003416738472878933
263,Loss,14,10,0.002009695628657937
264,Loss,14,11,0.0031491995323449373
265,Loss,14,12,0.003730121301487088
266,Loss,14,13,0.0031743559520691633
267,Loss,14,14,0.0029833291191607714
268,Loss,14,15,0.003535947995260358
269,Loss,14,16,0.0040879021398723125
270,Loss,14,17,0.0029236075934022665
271,Avg_ioss,14,0.0035435373429208994
272,PSNR,14,24.229953433439878
273,Loss,15,1,0.0031574952881783247
274,Loss,15,2,0.0025594078470021486
275,Loss,15,3,0.0033532585948705673
276,Loss,15,4,0.0041193231008946896
277,Loss,15,5,0.004742250312119722
278,Loss,15,6,0.003448161296546459
279,Loss,15,7,0.003078373381868005
280,Loss,15,8,0.003330312669277191
281,Loss,15,9,0.003317579859867692
282,Loss,15,10,0.0034889664966613054
283,Loss,15,11,0.004064192529767752
284,Loss,15,12,0.004272202029824257
285,Loss,15,13,0.003011643188074231
286,Loss,15,14,0.0022086878307163715
287,Loss,15,15,0.0030604375060647726
288,Loss,15,16,0.0026218146085739136
289,Loss,15,17,0.003338883863762021
290,Avg_ioss,15,0.003363117082592319
291,PSNR,15,24.43835412940053
292,Loss,16,1,0.002275716280564666
293,Loss,16,2,0.004375280812382698
294,Loss,16,3,0.0031849145889282227
295,Loss,16,4,0.002771948464214802
296,Loss,16,5,0.00463959900662303
297,Loss,16,6,0.002986472100019455
298,Loss,16,7,0.003404981689527631
299,Loss,16,8,0.0027306682895869017
300,Loss,16,9,0.0036206459626555443
301,Loss,16,10,0.0033136261627078056
302,Loss,16,11,0.0034093635622411966
303,Loss,16,12,0.004113336559385061
304,Loss,16,13,0.0034971514251083136
305,Loss,16,14,0.003155732760205865
306,Loss,16,15,0.002552768914029002
307,Loss,16,16,0.002463113283738494
308,Loss,16,17,0.0028027300722897053
309,Avg_ioss,16,0.0032528264667181406
310,PSNR,16,24.649103680826734
311,Loss,17,1,0.0021802012342959642
312,Loss,17,2,0.0030088319908827543
313,Loss,17,3,0.00277548935264349
314,Loss,17,4,0.0034528060350567102
315,Loss,17,5,0.00488182483240962
316,Loss,17,6,0.003082826966419816
317,Loss,17,7,0.002774054417386651
318,Loss,17,8,0.002691123401746154
319,Loss,17,9,0.0028856873977929354
320,Loss,17,10,0.003588385647162795
321,Loss,17,11,0.0025857712607830763
322,Loss,17,12,0.0027392839547246695
323,Loss,17,13,0.0031540608033537865
324,Loss,17,14,0.0031856184359639883
325,Loss,17,15,0.003235199488699436
326,Loss,17,16,0.002996836556121707
327,Loss,17,17,0.0021341987885534763
328,Avg_ioss,17,0.0030207176802351196
329,PSNR,17,24.837073615620294
330,Loss,18,1,0.002361282939091325
331,Loss,18,2,0.0033610500395298004
332,Loss,18,3,0.0038341849576681852
333,Loss,18,4,0.0023546621669083834
334,Loss,18,5,0.002429227577522397
335,Loss,18,6,0.003443268360570073
336,Loss,18,7,0.0027325127739459276
337,Loss,18,8,0.0044079930521547794
338,Loss,18,9,0.002598248654976487
339,Loss,18,10,0.0035395489539951086
340,Loss,18,11,0.0018786181462928653
341,Loss,18,12,0.002419953467324376
342,Loss,18,13,0.0022782578598707914
343,Loss,18,14,0.002977113937959075
344,Loss,18,15,0.003899273695424199
345,Loss,18,16,0.0014882165705785155
346,Loss,18,17,0.0036655147559940815
347,Avg_ioss,18,0.002921701641753316
348,PSNR,18,24.992803727938377
349,Loss,19,1,0.004374207463115454
350,Loss,19,2,0.0033048978075385094
351,Loss,19,3,0.0028943747747689486
352,Loss,19,4,0.0018730256706476212
353,Loss,19,5,0.0030311939772218466
354,Loss,19,6,0.0029343392234295607
355,Loss,19,7,0.0024816279765218496
356,Loss,19,8,0.0025902509223669767
357,Loss,19,9,0.002981466008350253
358,Loss,19,10,0.0028987962286919355
359,Loss,19,11,0.0025380721781402826
360,Loss,19,12,0.003683190792798996
361,Loss,19,13,0.0026846115943044424
362,Loss,19,14,0.003147520124912262
363,Loss,19,15,0.0019874372519552708
364,Loss,19,16,0.0016697375103831291
365,Loss,19,17,0.0026545245200395584
366,Avg_ioss,19,0.0028076043544227585
367,PSNR,19,25.136952597663296
368,Loss,20,1,0.002653017407283187
369,Loss,20,2,0.0031070427503436804
370,Loss,20,3,0.0029532627668231726
371,Loss,20,4,0.002841082401573658
372,Loss,20,5,0.003503180108964443
373,Loss,20,6,0.0030170634854584932
374,Loss,20,7,0.0024715496692806482
375,Loss,20,8,0.00240784022025764
376,Loss,20,9,0.00295220036059618
377,Loss,20,10,0.002966705709695816
378,Loss,20,11,0.00250748498365283
379,Loss,20,12,0.0024332499597221613
380,Loss,20,13,0.002540646819397807
381,Loss,20,14,0.0020544787403196096
382,Loss,20,15,0.0027902552392333746
383,Loss,20,16,0.0027571218088269234
384,Loss,20,17,0.0028982097283005714
385,Avg_ioss,20,0.002756140715278247
386,PSNR,20,25.16215342677759
387,Loss,21,1,0.002256290754303336
388,Loss,21,2,0.004313466604799032
389,Loss,21,3,0.0033096279948949814
390,Loss,21,4,0.0042626080103218555
391,Loss,21,5,0.0034385083708912134
392,Loss,21,6,0.002858145162463188
393,Loss,21,7,0.0015145003562793136
394,Loss,21,8,0.003214286407455802
395,Loss,21,9,0.0017594220116734505
396,Loss,21,10,0.002693193033337593
397,Loss,21,11,0.002760533010587096
398,Loss,21,12,0.0024963764008134604
399,Loss,21,13,0.002158448100090027
400,Loss,21,14,0.0018427785253152251
401,Loss,21,15,0.002321820007637143
402,Loss,21,16,0.0018077966524288058
403,Loss,21,17,0.0019920680206269026
404,Avg_ioss,21,0.002647051142583437
405,PSNR,21,25.322198749194204
406,Loss,22,1,0.0024092192761600018
407,Loss,22,2,0.0028429757803678513
408,Loss,22,3,0.0020237553399056196
409,Loss,22,4,0.0027755664195865393
410,Loss,22,5,0.0018554393900558352
411,Loss,22,6,0.0023695016279816628
412,Loss,22,7,0.0032983850687742233
413,Loss,22,8,0.0027374427299946547
414,Loss,22,9,0.0030978599097579718
415,Loss,22,10,0.0026045639533549547
416,Loss,22,11,0.0040875994600355625
417,Loss,22,12,0.002553015947341919
418,Loss,22,13,0.0022195151541382074
419,Loss,22,14,0.0019197105430066586
420,Loss,22,15,0.0027801499236375093
421,Loss,22,16,0.002539075678214431
422,Loss,22,17,0.0018422395223751664
423,Avg_ioss,22,0.0025856479838052217
424,PSNR,22,25.29085906532567
425,Loss,23,1,0.00294089294038713
426,Loss,23,2,0.0031625533010810614
427,Loss,23,3,0.0025769637431949377
428,Loss,23,4,0.0031922825146466494
429,Loss,23,5,0.002410583896562457
430,Loss,23,6,0.002369409194216132
431,Loss,23,7,0.0020107885356992483
432,Loss,23,8,0.003119769273325801
433,Loss,23,9,0.002928400645032525
434,Loss,23,10,0.002852309262380004
435,Loss,23,11,0.001955611864104867
436,Loss,23,12,0.0017743852222338319
437,Loss,23,13,0.002047259360551834
438,Loss,23,14,0.002898512175306678
439,Loss,23,15,0.0018816571682691574
440,Loss,23,16,0.0023400576319545507
441,Loss,23,17,0.0028590213041752577
442,Avg_ioss,23,0.0025482622372424778
443,PSNR,23,25.521866984610313
444,Loss,24,1,0.0029626658651977777
445,Loss,24,2,0.002282814821228385
446,Loss,24,3,0.0024023877922445536
447,Loss,24,4,0.002178825670853257
448,Loss,24,5,0.002416599541902542
449,Loss,24,6,0.0019466244848445058
450,Loss,24,7,0.0033884523436427116
451,Loss,24,8,0.002486950485035777
452,Loss,24,9,0.002965196967124939
453,Loss,24,10,0.0024420812260359526
454,Loss,24,11,0.002696614945307374
455,Loss,24,12,0.0020624257158488035
456,Loss,24,13,0.0023198381531983614
457,Loss,24,14,0.0020159552805125713
458,Loss,24,15,0.0025060900952667
459,Loss,24,16,0.001985353184863925
460,Loss,24,17,0.0029586770106106997
461,Avg_ioss,24,0.0024716207990422845
462,PSNR,24,25.542557325262763
463,Loss,25,1,0.0016664844006299973
464,Loss,25,2,0.0024879102129489183
465,Loss,25,3,0.0029476366471499205
466,Loss,25,4,0.0020689426455646753
467,Loss,25,5,0.0028998367488384247
468,Loss,25,6,0.002156267873942852
469,Loss,25,7,0.002017295453697443
470,Loss,25,8,0.0024807837326079607
471,Loss,25,9,0.002688613487407565
472,Loss,25,10,0.0025454515125602484
473,Loss,25,11,0.002556581748649478
474,Loss,25,12,0.0031310056801885366
475,Loss,25,13,0.0024643908254802227
476,Loss,25,14,0.0018932645907625556
477,Loss,25,15,0.0020990753546357155
478,Loss,25,16,0.002887721871957183
479,Loss,25,17,0.0023797578178346157
480,Avg_ioss,25,0.002433589447344489
481,PSNR,25,25.68214920651013
482,Loss,26,1,0.002315549412742257
483,Loss,26,2,0.0023744653444737196
484,Loss,26,3,0.00191483402159065
485,Loss,26,4,0.0023682634346187115
486,Loss,26,5,0.0030008775647729635
487,Loss,26,6,0.0019449652172625065
488,Loss,26,7,0.0032145653385668993
489,Loss,26,8,0.00217313040047884
490,Loss,26,9,0.0030953625682741404
491,Loss,26,10,0.0018460137071087956
492,Loss,26,11,0.0029639818239957094
493,Loss,26,12,0.0020469273440539837
494,Loss,26,13,0.0021833281498402357
495,Loss,26,14,0.002116556977853179
496,Loss,26,15,0.0017758171306923032
497,Loss,26,16,0.0024115575943142176
498,Loss,26,17,0.0023843110539019108
499,Avg_ioss,26,0.0023606180637965306
500,PSNR,26,25.767251783344367
501,Loss,27,1,0.0012597939930856228
502,Loss,27,2,0.001540481229312718
503,Loss,27,3,0.0021401355043053627
504,Loss,27,4,0.0025365655310451984
505,Loss,27,5,0.002732885768637061
506,Loss,27,6,0.0030079202260822058
507,Loss,27,7,0.0018620783230289817
508,Loss,27,8,0.002853715792298317
509,Loss,27,9,0.0020080001559108496
510,Loss,27,10,0.0026749270036816597
511,Loss,27,11,0.0024999233428388834
512,Loss,27,12,0.0025080060586333275
513,Loss,27,13,0.0025192375760525465
514,Loss,27,14,0.0019897236488759518
515,Loss,27,15,0.002692900598049164
516,Loss,27,16,0.0023538293316960335
517,Loss,27,17,0.0020551434718072414
518,Avg_ioss,27,0.002307956915020066
519,PSNR,27,25.82371129299103
520,Loss,28,1,0.002621167339384556
521,Loss,28,2,0.0027457105461508036
522,Loss,28,3,0.0022267659660428762
523,Loss,28,4,0.0020048932638019323
524,Loss,28,5,0.0018205479718744755
525,Loss,28,6,0.003226165659725666
526,Loss,28,7,0.0019221290713176131
527,Loss,28,8,0.0017197370762005448
528,Loss,28,9,0.002809683093801141
529,Loss,28,10,0.0018944329349324107
530,Loss,28,11,0.0031685864087194204
531,Loss,28,12,0.003883433761075139
532,Loss,28,13,0.0027503955643624067
533,Loss,28,14,0.002225430216640234
534,Loss,28,15,0.00190598180051893
535,Loss,28,16,0.0021328681614249945
536,Loss,28,17,0.0016486657550558448
537,Avg_ioss,28,0.002394505564178176
538,PSNR,28,25.820973513046614
539,Loss,29,1,0.0024383889976888895
540,Loss,29,2,0.0029780843760818243
541,Loss,29,3,0.0030723242089152336
542,Loss,29,4,0.001809969893656671
543,Loss,29,5,0.001861687283962965
544,Loss,29,6,0.002708146581426263
545,Loss,29,7,0.0017103146528825164
546,Loss,29,8,0.0019660007674247026
547,Loss,29,9,0.00173767504747957
548,Loss,29,10,0.002828113501891494
549,Loss,29,11,0.002500663511455059
550,Loss,29,12,0.0028475159779191017
551,Loss,29,13,0.0019446598598733544
552,Loss,29,14,0.0017115342197939754
553,Loss,29,15,0.0025436554569751024
554,Loss,29,16,0.0026043502148240805
555,Loss,29,17,0.0020944210700690746
556,Avg_ioss,29,0.002315147389548228
557,PSNR,29,25.6442388402189
558,Loss,30,1,0.002746010897681117
559,Loss,30,2,0.0028797972481697798
560,Loss,30,3,0.0022611406166106462
561,Loss,30,4,0.0017647193744778633
562,Loss,30,5,0.0025066889356821775
563,Loss,30,6,0.0020298976451158524
564,Loss,30,7,0.0023837534245103598
565,Loss,30,8,0.0017519313842058182
566,Loss,30,9,0.002602391643449664
567,Loss,30,10,0.0023117063101381063
568,Loss,30,11,0.0018857897957786918
569,Loss,30,12,0.0021061180159449577
570,Loss,30,13,0.0017427336424589157
571,Loss,30,14,0.002435540547594428
572,Loss,30,15,0.002271816832944751
573,Loss,30,16,0.0024079494178295135
574,Loss,30,17,0.0020172088406980038
575,Avg_ioss,30,0.002241482033722979
576,PSNR,30,26.053931605004117
577,Loss,31,1,0.0021966807544231415
578,Loss,31,2,0.0023425680119544268
579,Loss,31,3,0.002396488096565008
580,Loss,31,4,0.0025267747696489096
581,Loss,31,5,0.0015420540003105998
582,Loss,31,6,0.0023287402000278234
583,Loss,31,7,0.001483393833041191
584,Loss,31,8,0.002057664794847369
585,Loss,31,9,0.0016622323310002685
586,Loss,31,10,0.0024933686945587397
587,Loss,31,11,0.002896704478189349
588,Loss,31,12,0.0026748189702630043
589,Loss,31,13,0.001497631543315947
590,Loss,31,14,0.0021571300458163023
591,Loss,31,15,0.002509051701053977
592,Loss,31,16,0.0019518457120284438
593,Loss,31,17,0.0022592146415263414
594,Avg_ioss,31,0.002175080151680638
595,PSNR,31,26.12535883931394
596,Loss,32,1,0.0016231151530519128
597,Loss,32,2,0.0025856478605419397
598,Loss,32,3,0.0019492929568514228
599,Loss,32,4,0.0015997556038200855
600,Loss,32,5,0.001937860157340765
601,Loss,32,6,0.002411124063655734
602,Loss,32,7,0.001764658372849226
603,Loss,32,8,0.0022854118142277002
604,Loss,32,9,0.0014324156800284982
605,Loss,32,10,0.0014428800204768777
606,Loss,32,11,0.0018018726259469986
607,Loss,32,12,0.0028899330645799637
608,Loss,32,13,0.0026705351192504168
609,Loss,32,14,0.002302885754033923
610,Loss,32,15,0.0026489291340112686
611,Loss,32,16,0.002579290419816971
612,Loss,32,17,0.0026775605510920286
613,Avg_ioss,32,0.00215312755009269
614,PSNR,32,26.182139174755356
615,Loss,33,1,0.002208259655162692
616,Loss,33,2,0.0026552428025752306
617,Loss,33,3,0.0022074049338698387
618,Loss,33,4,0.0014833410969004035
619,Loss,33,5,0.0017544761067256331
620,Loss,33,6,0.0024066357873380184
621,Loss,33,7,0.002080352744087577
622,Loss,33,8,0.0020239476580172777
623,Loss,33,9,0.001617582980543375
624,Loss,33,10,0.0020308513194322586
625,Loss,33,11,0.0024163753259927034
626,Loss,33,12,0.0021642737556248903
627,Loss,33,13,0.0016903379000723362
628,Loss,33,14,0.0022632726468145847
629,Loss,33,15,0.0025758130941540003
630,Loss,33,16,0.0018361819675192237
631,Loss,33,17,0.002525772899389267
632,Avg_ioss,33,0.0021141248631893713
633,PSNR,33,26.244641881995644
634,Loss,34,1,0.001381797599606216
635,Loss,34,2,0.0015571467811241746
636,Loss,34,3,0.002175553934648633
637,Loss,34,4,0.0032134128268808126
638,Loss,34,5,0.0015192501014098525
639,Loss,34,6,0.002640404039993882
640,Loss,34,7,0.0034526686649769545
641,Loss,34,8,0.002155539346858859
642,Loss,34,9,0.0017562563298270106
643,Loss,34,10,0.002284703077748418
644,Loss,34,11,0.0017311970004811883
645,Loss,34,12,0.0018083959585055709
646,Loss,34,13,0.001464259810745716
647,Loss,34,14,0.002412517787888646
648,Loss,34,15,0.0017547979950904846
649,Loss,34,16,0.002047185553237796
650,Loss,34,17,0.002187672071158886
651,Avg_ioss,34,0.002090750522363712
652,PSNR,34,26.292944662975746
653,Loss,35,1,0.0027145028579980135
654,Loss,35,2,0.0019730611238628626
655,Loss,35,3,0.0018015700625255704
656,Loss,35,4,0.002416289644315839
657,Loss,35,5,0.0015001256251707673
658,Loss,35,6,0.0019777899142354727
659,Loss,35,7,0.002054431941360235
660,Loss,35,8,0.0013231287011876702
661,Loss,35,9,0.0025464023929089308
662,Loss,35,10,0.0020814186427742243
663,Loss,35,11,0.0023166968021541834
664,Loss,35,12,0.0015537728322669864
665,Loss,35,13,0.0029890036676079035
666,Loss,35,14,0.0021386591251939535
667,Loss,35,15,0.0020300678443163633
668,Loss,35,16,0.0016846818616613746
669,Loss,35,17,0.0017938753589987755
670,Avg_ioss,35,0.002052675199914066
671,PSNR,35,26.339533161143226
672,Loss,36,1,0.0015952438116073608
673,Loss,36,2,0.002027170965448022
674,Loss,36,3,0.0014930431498214602
675,Loss,36,4,0.0020748598035424948
676,Loss,36,5,0.0015155533328652382
677,Loss,36,6,0.0028703741263598204
678,Loss,36,7,0.002003147965297103
679,Loss,36,8,0.0021581032779067755
680,Loss,36,9,0.002444526879116893
681,Loss,36,10,0.001984601141884923
682,Loss,36,11,0.002631380455568433
683,Loss,36,12,0.0020838845521211624
684,Loss,36,13,0.001786589971743524
685,Loss,36,14,0.0019259462133049965
686,Loss,36,15,0.0023739321622997522
687,Loss,36,16,0.004029178060591221
688,Loss,36,17,0.003995814360678196
689,Avg_ioss,36,0.0022937264841269046
690,PSNR,36,24.907840279327417
691,Loss,37,1,0.0031835332047194242
692,Loss,37,2,0.0019310582429170609
693,Loss,37,3,0.002954176627099514
694,Loss,37,4,0.003313895547762513
695,Loss,37,5,0.003084901487454772
696,Loss,37,6,0.0018294675974175334
697,Loss,37,7,0.0021010793279856443
698,Loss,37,8,0.0024606550578027964
699,Loss,37,9,0.003216363489627838
700,Loss,37,10,0.0023021914530545473
701,Loss,37,11,0.0016015205765143037
702,Loss,37,12,0.002716843271628022
703,Loss,37,13,0.0014826589031144977
704,Loss,37,14,0.0022231191396713257
705,Loss,37,15,0.001809675362892449
706,Loss,37,16,0.0015954909613355994
707,Loss,37,17,0.0018033352680504322
708,Avg_ioss,37,0.002329997971708722
709,PSNR,37,26.06891291123375
710,Loss,38,1,0.0016091304132714868
711,Loss,38,2,0.0031900310423225164
712,Loss,38,3,0.0023069996386766434
713,Loss,38,4,0.0014975235098972917
714,Loss,38,5,0.002591479569673538
715,Loss,38,6,0.0018401481211185455
716,Loss,38,7,0.001946639153175056
717,Loss,38,8,0.0019486836390569806
718,Loss,38,9,0.0018451017094776034
719,Loss,38,10,0.0018820635741576552
720,Loss,38,11,0.0019914559088647366
721,Loss,38,12,0.002194740576669574
722,Loss,38,13,0.001718841027468443
723,Loss,38,14,0.002074213931336999
724,Loss,38,15,0.0026394035667181015
725,Loss,38,16,0.002420783741399646
726,Loss,38,17,0.0014120362466201186
727,Avg_ioss,38,0.0020652514923473492
728,PSNR,38,26.346691727772857
729,Loss,39,1,0.0022413672413676977
730,Loss,39,2,0.0015892015071585774
731,Loss,39,3,0.001280469004996121
732,Loss,39,4,0.0021931894589215517
733,Loss,39,5,0.0024315977934747934
734,Loss,39,6,0.002759932540357113
735,Loss,39,7,0.0020917700603604317
736,Loss,39,8,0.0015096673741936684
737,Loss,39,9,0.001637788605876267
738,Loss,39,10,0.001499790116213262
739,Loss,39,11,0.001841114484705031
740,Loss,39,12,0.001974816434085369
741,Loss,39,13,0.0019333186792209744
742,Loss,39,14,0.0026630153879523277
743,Loss,39,15,0.0016184006817638874
744,Loss,39,16,0.0024021167773753405
745,Loss,39,17,0.0029499544762074947
746,Avg_ioss,39,0.0020363241543664653
747,PSNR,39,26.43892355353062
748,Loss,40,1,0.0014883304247632623
749,Loss,40,2,0.0022879603784531355
750,Loss,40,3,0.00194302957970649
751,Loss,40,4,0.001953260274603963
752,Loss,40,5,0.002118617296218872
753,Loss,40,6,0.0024126714561134577
754,Loss,40,7,0.002205030992627144
755,Loss,40,8,0.0018340526148676872
756,Loss,40,9,0.001833472866564989
757,Loss,40,10,0.0016908850520849228
758,Loss,40,11,0.0016339396825060248
759,Loss,40,12,0.0027692175935953856
760,Loss,40,13,0.002270644763484597
761,Loss,40,14,0.001947681070305407
762,Loss,40,15,0.0020724458154290915
763,Loss,40,16,0.0017463214462623
764,Loss,40,17,0.0014207741478458047
765,Avg_ioss,40,0.0019781373797313254
766,PSNR,40,26.474652617189726
767,Loss,41,1,0.0017245151102542877
768,Loss,41,2,0.001375897671096027
769,Loss,41,3,0.002004512120038271
770,Loss,41,4,0.0015432374784722924
771,Loss,41,5,0.001600536983460188
772,Loss,41,6,0.001813615090213716
773,Loss,41,7,0.0021144438069313765
774,Loss,41,8,0.0020553849171847105
775,Loss,41,9,0.0018221520585939288
776,Loss,41,10,0.002518667373806238
777,Loss,41,11,0.0013998207869008183
778,Loss,41,12,0.0021934586111456156
779,Loss,41,13,0.00269716908223927
780,Loss,41,14,0.0019548845011740923
781,Loss,41,15,0.002020783256739378
782,Loss,41,16,0.0020383913069963455
783,Loss,41,17,0.0029846227262169123
784,Avg_ioss,41,0.0019918878165566746
785,PSNR,41,26.508855982721503
786,Loss,42,1,0.0016948413103818893
787,Loss,42,2,0.0024890340864658356
788,Loss,42,3,0.0018244112143293023
789,Loss,42,4,0.0013101877411827445
790,Loss,42,5,0.0018945435294881463
791,Loss,42,6,0.002181167481467128
792,Loss,42,7,0.0017563019646331668
793,Loss,42,8,0.0015084478072822094
794,Loss,42,9,0.0019577278289943933
795,Loss,42,10,0.0020181217696517706
796,Loss,42,11,0.0029728608205914497
797,Loss,42,12,0.0013961429940536618
798,Loss,42,13,0.0014240880263969302
799,Loss,42,14,0.002798462985083461
800,Loss,42,15,0.0021997622679919004
801,Loss,42,16,0.0018371540354564786
802,Loss,42,17,0.002084296429529786
803,Avg_ioss,42,0.0019616207231164854
804,PSNR,42,26.536523272641563
805,Loss,43,1,0.0020882359240204096
806,Loss,43,2,0.0018839199328795075
807,Loss,43,3,0.0019690350163728
808,Loss,43,4,0.00194162514526397
809,Loss,43,5,0.0019485322991386056
810,Loss,43,6,0.0019415871938690543
811,Loss,43,7,0.0016852334374561906
812,Loss,43,8,0.0017152302898466587
813,Loss,43,9,0.0018449868075549603
814,Loss,43,10,0.001588468556292355
815,Loss,43,11,0.0015942625468596816
816,Loss,43,12,0.002733001485466957
817,Loss,43,13,0.0024833129718899727
818,Loss,43,14,0.0016195275820791721
819,Loss,43,15,0.0022772972006350756
820,Loss,43,16,0.0018232067814096808
821,Loss,43,17,0.001994584919884801
822,Avg_ioss,43,0.0019489440053482266
823,PSNR,43,26.553692618653738
824,Loss,44,1,0.002635383978486061
825,Loss,44,2,0.002374510047957301
826,Loss,44,3,0.0019141676602885127
827,Loss,44,4,0.0017339331097900867
828,Loss,44,5,0.0013991905143484473
829,Loss,44,6,0.002303142799064517
830,Loss,44,7,0.0020260170567780733
831,Loss,44,8,0.001985594630241394
832,Loss,44,9,0.001789635163731873
833,Loss,44,10,0.0017644941108301282
834,Loss,44,11,0.0018090578960254788
835,Loss,44,12,0.0013301813742145896
836,Loss,44,13,0.002682429738342762
837,Loss,44,14,0.0015465817414224148
838,Loss,44,15,0.0018304878612980247
839,Loss,44,16,0.001805493258871138
840,Loss,44,17,0.0021661482751369476
841,Avg_ioss,44,0.001946849953931044
842,PSNR,44,26.585976412701164
843,Loss,45,1,0.001399848610162735
844,Loss,45,2,0.001611717976629734
845,Loss,45,3,0.0017972831847146153
846,Loss,45,4,0.001983846304938197
847,Loss,45,5,0.0015537358121946454
848,Loss,45,6,0.0018709157593548298
849,Loss,45,7,0.0022179963998496532
850,Loss,45,8,0.0017251470126211643
851,Loss,45,9,0.0022504532244056463
852,Loss,45,10,0.0023469580337405205
853,Loss,45,11,0.0013236521044746041
854,Loss,45,12,0.0020613009110093117
855,Loss,45,13,0.002524773357436061
856,Loss,45,14,0.001561420620419085
857,Loss,45,15,0.0012781090335920453
858,Loss,45,16,0.00299229403026402
859,Loss,45,17,0.0023964487481862307
860,Avg_ioss,45,0.0019350530072937116
861,PSNR,45,26.610523787062796
862,Loss,46,1,0.002482050796970725
863,Loss,46,2,0.0013687843456864357
864,Loss,46,3,0.001041689538396895
865,Loss,46,4,0.001692423247732222
866,Loss,46,5,0.0016921131173148751
867,Loss,46,6,0.002236628672108054
868,Loss,46,7,0.001625685952603817
869,Loss,46,8,0.0017454199260100722
870,Loss,46,9,0.0028841570019721985
871,Loss,46,10,0.0014126565074548125
872,Loss,46,11,0.0020701263565570116
873,Loss,46,12,0.0025611554738134146
874,Loss,46,13,0.0017203092575073242
875,Loss,46,14,0.002387995133176446
876,Loss,46,15,0.0014231103705242276
877,Loss,46,16,0.0018613635329529643
878,Loss,46,17,0.0025735858362168074
879,Avg_ioss,46,0.001928191474529312
880,PSNR,46,26.6365864201102
881,Loss,47,1,0.0019470201805233955
882,Loss,47,2,0.0019451983971521258
883,Loss,47,3,0.0020391158759593964
884,Loss,47,4,0.0016243457794189453
885,Loss,47,5,0.001221530488692224
886,Loss,47,6,0.0017241220921278
887,Loss,47,7,0.002891412004828453
888,Loss,47,8,0.0024261160288006067
889,Loss,47,9,0.0014611290534958243
890,Loss,47,10,0.0014101018896326423
891,Loss,47,11,0.0014324984513223171
892,Loss,47,12,0.0018294691108167171
893,Loss,47,13,0.0019685793668031693
894,Loss,47,14,0.0022495242301374674
895,Loss,47,15,0.0019799473229795694
896,Loss,47,16,0.0024210980627685785
897,Loss,47,17,0.0018802974373102188
898,Avg_ioss,47,0.001908912104280556
899,PSNR,47,26.631680647737475
900,Loss,48,1,0.0012679421342909336
901,Loss,48,2,0.0018381047993898392
902,Loss,48,3,0.0017468081787228584
903,Loss,48,4,0.0024856694508343935
904,Loss,48,5,0.0018337395740672946
905,Loss,48,6,0.0012005222961306572
906,Loss,48,7,0.0015427479520440102
907,Loss,48,8,0.0022997965570539236
908,Loss,48,9,0.0025569170247763395
909,Loss,48,10,0.0017990063643082976
910,Loss,48,11,0.0020542603451758623
911,Loss,48,12,0.001960884081199765
912,Loss,48,13,0.002589247887954116
913,Loss,48,14,0.0013207780430093408
914,Loss,48,15,0.0016747914487496018
915,Loss,48,16,0.002634350210428238
916,Loss,48,17,0.0017308414680883288
917,Avg_ioss,48,0.0019139063421308117
918,PSNR,48,26.642145940070485
919,Loss,49,1,0.0017638676799833775
920,Loss,49,2,0.001258147181943059
921,Loss,49,3,0.0018460539868101478
922,Loss,49,4,0.0014591357903555036
923,Loss,49,5,0.002010851865634322
924,Loss,49,6,0.002196744317188859
925,Loss,49,7,0.001870878622867167
926,Loss,49,8,0.001595625071786344
927,Loss,49,9,0.0020034483168274164
928,Loss,49,10,0.0028424423653632402
929,Loss,49,11,0.002714504487812519
930,Loss,49,12,0.0016368766082450747
931,Loss,49,13,0.002120650140568614
932,Loss,49,14,0.0017122849822044373
933,Loss,49,15,0.0018054338870570064
934,Loss,49,16,0.001689028344117105
935,Loss,49,17,0.0018018829869106412
936,Avg_ioss,49,0.0019016386256279314
937,PSNR,49,26.70097358125104
938,Loss,50,1,0.001772459945641458
939,Loss,50,2,0.0013720177812501788
940,Loss,50,3,0.002119416370987892
941,Loss,50,4,0.002471640007570386
942,Loss,50,5,0.001990716205909848
943,Loss,50,6,0.0014179787831380963
944,Loss,50,7,0.0026374307926744223
945,Loss,50,8,0.0018726823618635535
946,Loss,50,9,0.0016199126839637756
947,Loss,50,10,0.0016947403782978654
948,Loss,50,11,0.002010921947658062
949,Loss,50,12,0.0022802159655839205
950,Loss,50,13,0.002113047055900097
951,Loss,50,14,0.0015568750677630305
952,Loss,50,15,0.0016987962881103158
953,Loss,50,16,0.001572581590153277
954,Loss,50,17,0.0025169248692691326
955,Avg_ioss,50,0.001924609299749136
956,PSNR,50,26.70898856211491
957,Loss,51,1,0.0012488815700635314
958,Loss,51,2,0.0013280526036396623
959,Loss,51,3,0.0013833580305799842
960,Loss,51,4,0.001861458644270897
961,Loss,51,5,0.0023816183675080538
962,Loss,51,6,0.0018769997404888272
963,Loss,51,7,0.0025345764588564634
964,Loss,51,8,0.0016004379140213132
965,Loss,51,9,0.002463373588398099
966,Loss,51,10,0.0014929774915799499
967,Loss,51,11,0.0016512315487489104
968,Loss,51,12,0.0024911623913794756
969,Loss,51,13,0.002436686074361205
970,Loss,51,14,0.002002737484872341
971,Loss,51,15,0.002219531685113907
972,Loss,51,16,0.001981194829568267
973,Loss,51,17,0.0017739314353093505
974,Avg_ioss,51,0.0019251888152211905
975,PSNR,51,26.722373324900882
976,Loss,52,1,0.001833495101891458
977,Loss,52,2,0.0015018796548247337
978,Loss,52,3,0.0014724157517775893
979,Loss,52,4,0.001959607470780611
980,Loss,52,5,0.0017663404578343034
981,Loss,52,6,0.0016066572861745954
982,Loss,52,7,0.0013985373079776764
983,Loss,52,8,0.0024382108822464943
984,Loss,52,9,0.0016911631682887673
985,Loss,52,10,0.0027132024988532066
986,Loss,52,11,0.002256406005471945
987,Loss,52,12,0.0018368397140875459
988,Loss,52,13,0.0019948019180446863
989,Loss,52,14,0.0023609285708516836
990,Loss,52,15,0.0014313574647530913
991,Loss,52,16,0.0014625549083575606
992,Loss,52,17,0.002493473934009671
993,Avg_ioss,52,0.001895168946836801
994,PSNR,52,26.698077490426947
995,Loss,53,1,0.0022120100911706686
996,Loss,53,2,0.001613218686543405
997,Loss,53,3,0.0009179679327644408
998,Loss,53,4,0.002016281010583043
999,Loss,53,5,0.0016634060302749276
1000,Loss,53,6,0.0026471561286598444
1001,Loss,53,7,0.0021696987096220255
1002,Loss,53,8,0.0013545859837904572
1003,Loss,53,9,0.0020801781211048365
1004,Loss,53,10,0.0013381177559494972
1005,Loss,53,11,0.0019308225018903613
1006,Loss,53,12,0.0016065359814092517
1007,Loss,53,13,0.002870944095775485
1008,Loss,53,14,0.0020886280108243227
1009,Loss,53,15,0.0015791478799656034
1010,Loss,53,16,0.0019438160816207528
1011,Loss,53,17,0.0015941837336868048
1012,Avg_ioss,53,0.00186039404327269
1013,PSNR,53,26.718235963651537
1014,Loss,54,1,0.0018632943974807858
1015,Loss,54,2,0.002025173744186759
1016,Loss,54,3,0.002528156153857708
1017,Loss,54,4,0.001624068128876388
1018,Loss,54,5,0.001913804211653769
1019,Loss,54,6,0.0015006527537479997
1020,Loss,54,7,0.0017182185547426343
1021,Loss,54,8,0.0016095159808173776
1022,Loss,54,9,0.0018976712599396706
1023,Loss,54,10,0.0018201996572315693
1024,Loss,54,11,0.0028202778194099665
1025,Loss,54,12,0.0016849868698045611
1026,Loss,54,13,0.0020317810121923685
1027,Loss,54,14,0.0012545110657811165
1028,Loss,54,15,0.0019848616793751717
1029,Loss,54,16,0.0018436531536281109
1030,Loss,54,17,0.0013549120631068945
1031,Avg_ioss,54,0.0018515140297548735
1032,PSNR,54,26.76343483412477
1033,Loss,55,1,0.0025067192036658525
1034,Loss,55,2,0.0012483567697927356
1035,Loss,55,3,0.002800757298246026
1036,Loss,55,4,0.0019502380164340138
1037,Loss,55,5,0.0016922816867008805
1038,Loss,55,6,0.0017084676073864102
1039,Loss,55,7,0.001933510066010058
1040,Loss,55,8,0.0013647800078615546
1041,Loss,55,9,0.0016520587960258126
1042,Loss,55,10,0.0017969139153137803
1043,Loss,55,11,0.0023959993850439787
1044,Loss,55,12,0.0026468292344361544
1045,Loss,55,13,0.0014815278118476272
1046,Loss,55,14,0.0017916016513481736
1047,Loss,55,15,0.0012079199077561498
1048,Loss,55,16,0.0013631625333800912
1049,Loss,55,17,0.0019119270145893097
1050,Avg_ioss,55,0.00185017946504933
1051,PSNR,55,26.787673468059797
1052,Loss,56,1,0.0026000570505857468
1053,Loss,56,2,0.0018378309905529022
1054,Loss,56,3,0.002121265511959791
1055,Loss,56,4,0.0017418178031221032
1056,Loss,56,5,0.0014384463429450989
1057,Loss,56,6,0.002085193293169141
1058,Loss,56,7,0.002184442477300763
1059,Loss,56,8,0.0020038944203406572
1060,Loss,56,9,0.002220109337940812
1061,Loss,56,10,0.0021640050690621138
1062,Loss,56,11,0.0013606124557554722
1063,Loss,56,12,0.001956215128302574
1064,Loss,56,13,0.0014501996338367462
1065,Loss,56,14,0.0012585563817992806
1066,Loss,56,15,0.0022694426588714123
1067,Loss,56,16,0.0018524687038734555
1068,Loss,56,17,0.0016192210605368018
1069,Avg_ioss,56,0.0018919869599973455
1070,PSNR,56,25.589497337259793
1071,Loss,57,1,0.0032020180951803923
1072,Loss,57,2,0.0018610752886161208
1073,Loss,57,3,0.0011705668875947595
1074,Loss,57,4,0.001715361955575645
1075,Loss,57,5,0.003101342124864459
1076,Loss,57,6,0.002270302502438426
1077,Loss,57,7,0.0028271228075027466
1078,Loss,57,8,0.002113459398970008
1079,Loss,57,9,0.0024491704534739256
1080,Loss,57,10,0.0023966433946043253
1081,Loss,57,11,0.0025351152289658785
1082,Loss,57,12,0.0020177059341222048
1083,Loss,57,13,0.0027714951429516077
1084,Loss,57,14,0.0017919201636686921
1085,Loss,57,15,0.0018162332708016038
1086,Loss,57,16,0.001862616278231144
1087,Loss,57,17,0.00295952707529068
1088,Avg_ioss,57,0.0022859809413442716
1089,PSNR,57,26.57154306735585
1090,Loss,58,1,0.002179004019126296
1091,Loss,58,2,0.0014902258990332484
1092,Loss,58,3,0.001681004068814218
1093,Loss,58,4,0.0016426173970103264
1094,Loss,58,5,0.002009427407756448
1095,Loss,58,6,0.0016325920587405562
1096,Loss,58,7,0.0016971338773146272
1097,Loss,58,8,0.001701788860373199
1098,Loss,58,9,0.0027163641061633825
1099,Loss,58,10,0.0017096177907660604
1100,Loss,58,11,0.002135577378794551
1101,Loss,58,12,0.0017149652121588588
1102,Loss,58,13,0.0018738949438557029
1103,Loss,58,14,0.0018267052946612239
1104,Loss,58,15,0.002465195255354047
1105,Loss,58,16,0.0019480128539726138
1106,Loss,58,17,0.0018857561517506838
1107,Avg_ioss,58,0.001900581327979179
1108,PSNR,58,26.792780016727924
1109,Loss,59,1,0.0013941620709374547
1110,Loss,59,2,0.001622128183953464
1111,Loss,59,3,0.0014110241318121552
1112,Loss,59,4,0.0016804899787530303
1113,Loss,59,5,0.001810204703360796
1114,Loss,59,6,0.0017852694727480412
1115,Loss,59,7,0.00210502534173429
1116,Loss,59,8,0.0013487678952515125
1117,Loss,59,9,0.0026974196080118418
1118,Loss,59,10,0.0013379590818658471
1119,Loss,59,11,0.00241668033413589
1120,Loss,59,12,0.002057059435173869
1121,Loss,59,13,0.0016467374516651034
1122,Loss,59,14,0.002084410050883889
1123,Loss,59,15,0.0017999339615926147
1124,Loss,59,16,0.0018418080871924758
1125,Loss,59,17,0.002538879867643118
1126,Avg_ioss,59,0.0018575270386303171
1127,PSNR,59,26.802538015268507
1128,Loss,60,1,0.0020702460315078497
1129,Loss,60,2,0.0022261214908212423
1130,Loss,60,3,0.0010768891079351306
1131,Loss,60,4,0.0014557527611032128
1132,Loss,60,5,0.002161541720852256
1133,Loss,60,6,0.003099402179941535
1134,Loss,60,7,0.0015377510571852326
1135,Loss,60,8,0.0017999252304434776
1136,Loss,60,9,0.0025813523679971695
1137,Loss,60,10,0.0015112372348085046
1138,Loss,60,11,0.0015794127248227596
1139,Loss,60,12,0.001407195464707911
1140,Loss,60,13,0.0018327211728319526
1141,Loss,60,14,0.0016904114745557308
1142,Loss,60,15,0.00215619127266109
1143,Loss,60,16,0.0013780336594209075
1144,Loss,60,17,0.0014590476639568806
1145,Avg_ioss,60,0.0018248960362089908
1146,PSNR,60,26.825836140937174
1147,Loss,61,1,0.0021427907049655914
1148,Loss,61,2,0.001710361335426569
1149,Loss,61,3,0.0013338389107957482
1150,Loss,61,4,0.0017255403799936175
1151,Loss,61,5,0.0018210471607744694
1152,Loss,61,6,0.001826229621656239
1153,Loss,61,7,0.001453110482543707
1154,Loss,61,8,0.0013400871539488435
1155,Loss,61,9,0.0019318588310852647
1156,Loss,61,10,0.0018056888366118073
1157,Loss,61,11,0.0013985055265948176
1158,Loss,61,12,0.002163150580599904
1159,Loss,61,13,0.002255718456581235
1160,Loss,61,14,0.00180032046046108
1161,Loss,61,15,0.0016565597616136074
1162,Loss,61,16,0.00214448943734169
1163,Loss,61,17,0.0029108088929206133
1164,Avg_ioss,61,0.001848241560818518
1165,PSNR,61,26.834139757409016
1166,Loss,62,1,0.001783026265911758
1167,Loss,62,2,0.0021185174118727446
1168,Loss,62,3,0.0013156075729057193
1169,Loss,62,4,0.0013904900988563895
1170,Loss,62,5,0.0014083835994824767
1171,Loss,62,6,0.002320721512660384
1172,Loss,62,7,0.0023003616370260715
1173,Loss,62,8,0.0015849117189645767
1174,Loss,62,9,0.0022569606080651283
1175,Loss,62,10,0.0015576955629512668
1176,Loss,62,11,0.0014098277315497398
1177,Loss,62,12,0.0018690737197175622
1178,Loss,62,13,0.0020479634404182434
1179,Loss,62,14,0.0021425539162009954
1180,Loss,62,15,0.0019434142159298062
1181,Loss,62,16,0.0018032086081802845
1182,Loss,62,17,0.0016650648321956396
1183,Avg_ioss,62,0.0018186930854640463
1184,PSNR,62,26.84737087665448
1185,Loss,63,1,0.002029044320806861
1186,Loss,63,2,0.001803683117032051
1187,Loss,63,3,0.00195694318972528
1188,Loss,63,4,0.002688546432182193
1189,Loss,63,5,0.0018399242544546723
1190,Loss,63,6,0.0020313214045017958
1191,Loss,63,7,0.0016698824474588037
1192,Loss,63,8,0.0015723127871751785
1193,Loss,63,9,0.0018017758848145604
1194,Loss,63,10,0.001420824322849512
1195,Loss,63,11,0.001661077723838389
1196,Loss,63,12,0.002082310849800706
1197,Loss,63,13,0.0013348903739824891
1198,Loss,63,14,0.0013424614444375038
1199,Loss,63,15,0.001858827075920999
1200,Loss,63,16,0.0015398493269458413
1201,Loss,63,17,0.00248024333268404
1202,Avg_ioss,63,0.0018302304875653457
1203,PSNR,63,26.86167417521544
1204,Loss,64,1,0.0022874728310853243
1205,Loss,64,2,0.0013170881429687142
1206,Loss,64,3,0.0022380976006388664
1207,Loss,64,4,0.0011423059040680528
1208,Loss,64,5,0.0011026024585589767
1209,Loss,64,6,0.0015758491354063153
1210,Loss,64,7,0.001742561929859221
1211,Loss,64,8,0.0021755064371973276
1212,Loss,64,9,0.0014608633937314153
1213,Loss,64,10,0.001652682782150805
1214,Loss,64,11,0.0030934929382056
1215,Loss,64,12,0.001669794786721468
1216,Loss,64,13,0.0017968559404835105
1217,Loss,64,14,0.0020841278601437807
1218,Loss,64,15,0.002069803886115551
1219,Loss,64,16,0.001675248146057129
1220,Loss,64,17,0.0016924338415265083
1221,Avg_ioss,64,0.0018103992949952098
1222,PSNR,64,26.86690785297329
1223,Loss,65,1,0.0020384874660521746
1224,Loss,65,2,0.0017135748639702797
1225,Loss,65,3,0.0018945072079077363
1226,Loss,65,4,0.002535272156819701
1227,Loss,65,5,0.0010325441835448146
1228,Loss,65,6,0.0024340436793863773
1229,Loss,65,7,0.0015662513906136155
1230,Loss,65,8,0.001517987227998674
1231,Loss,65,9,0.0017718495801091194
1232,Loss,65,10,0.001322970842011273
1233,Loss,65,11,0.001554496237076819
1234,Loss,65,12,0.001577870105393231
1235,Loss,65,13,0.0019126530969515443
1236,Loss,65,14,0.0022326058242470026
1237,Loss,65,15,0.0019310408970341086
1238,Loss,65,16,0.0020812468137592077
1239,Loss,65,17,0.0015692574670538306
1240,Avg_ioss,65,0.0018050975905840889
1241,PSNR,65,26.880493730606506
1242,Loss,66,1,0.0020291307009756565
1243,Loss,66,2,0.0020474966149777174
1244,Loss,66,3,0.0014454139163717628
1245,Loss,66,4,0.0018438994884490967
1246,Loss,66,5,0.001744812005199492
1247,Loss,66,6,0.0018595615401864052
1248,Loss,66,7,0.0015163373900577426
1249,Loss,66,8,0.0018205080414190888
1250,Loss,66,9,0.0013358552241697907
1251,Loss,66,10,0.0023116234224289656
1252,Loss,66,11,0.001282236655242741
1253,Loss,66,12,0.0022850297391414642
1254,Loss,66,13,0.0018077598651871085
1255,Loss,66,14,0.0015256674960255623
1256,Loss,66,15,0.0012483348837122321
1257,Loss,66,16,0.0025322020519524813
1258,Loss,66,17,0.002185707213357091
1259,Avg_ioss,66,0.0018130338969914353
1260,PSNR,66,26.887768075639855
1261,Loss,67,1,0.002192518673837185
1262,Loss,67,2,0.0017789015546441078
1263,Loss,67,3,0.002309446455910802
1264,Loss,67,4,0.0017278138548135757
1265,Loss,67,5,0.0016549816355109215
1266,Loss,67,6,0.0012453804956749082
1267,Loss,67,7,0.002020282670855522
1268,Loss,67,8,0.002135683549568057
1269,Loss,67,9,0.0012626985553652048
1270,Loss,67,10,0.0007501791114918888
1271,Loss,67,11,0.0021290190052241087
1272,Loss,67,12,0.0021973198745399714
1273,Loss,67,13,0.0016286825994029641
1274,Loss,67,14,0.00175663607660681
1275,Loss,67,15,0.0020379051566123962
1276,Loss,67,16,0.0021443970035761595
1277,Loss,67,17,0.001587585313245654
1278,Avg_ioss,67,0.001797613622757661
1279,PSNR,67,26.89826187160601
1280,Loss,68,1,0.002065517008304596
1281,Loss,68,2,0.001543395104818046
1282,Loss,68,3,0.0013678503455594182
1283,Loss,68,4,0.0018712823512032628
1284,Loss,68,5,0.002258341759443283
1285,Loss,68,6,0.0019540656358003616
1286,Loss,68,7,0.0014474141644313931
1287,Loss,68,8,0.0013944258680567145
1288,Loss,68,9,0.002058187732473016
1289,Loss,68,10,0.002253061393275857
1290,Loss,68,11,0.0011396579211577773
1291,Loss,68,12,0.0013429882237687707
1292,Loss,68,13,0.001370613812468946
1293,Loss,68,14,0.001889761071652174
1294,Loss,68,15,0.002380981110036373
1295,Loss,68,16,0.0019649940077215433
1296,Loss,68,17,0.0024949959479272366
1297,Avg_ioss,68,0.0018116196151822805
1298,PSNR,68,26.90342734236787
1299,Loss,69,1,0.0012218155898153782
1300,Loss,69,2,0.0016234572976827621
1301,Loss,69,3,0.0013926750980317593
1302,Loss,69,4,0.0014208281645551324
1303,Loss,69,5,0.0014188834466040134
1304,Loss,69,6,0.00222550006583333
1305,Loss,69,7,0.0017038271762430668
1306,Loss,69,8,0.002393177477642894
1307,Loss,69,9,0.0020800160709768534
1308,Loss,69,10,0.002538330154493451
1309,Loss,69,11,0.0018438169499859214
1310,Loss,69,12,0.0014419181970879436
1311,Loss,69,13,0.0015659095952287316
1312,Loss,69,14,0.0018458664417266846
1313,Loss,69,15,0.0017068678280338645
1314,Loss,69,16,0.0019762497395277023
1315,Loss,69,17,0.0022785139735788107
1316,Avg_ioss,69,0.0018045678392381353
1317,PSNR,69,26.911747205341925
1318,Loss,70,1,0.001414423226378858
1319,Loss,70,2,0.001984938746318221
1320,Loss,70,3,0.0026563284918665886
1321,Loss,70,4,0.0014739660546183586
1322,Loss,70,5,0.001979713561013341
1323,Loss,70,6,0.0012411857023835182
1324,Loss,70,7,0.0018396530067548156
1325,Loss,70,8,0.00117702956777066
1326,Loss,70,9,0.001649178215302527
1327,Loss,70,10,0.0020964641589671373
1328,Loss,70,11,0.002668344648554921
1329,Loss,70,12,0.0014362288638949394
1330,Loss,70,13,0.0018063788302242756
1331,Loss,70,14,0.0018787789158523083
1332,Loss,70,15,0.001546692568808794
1333,Loss,70,16,0.0015573891578242183
1334,Loss,70,17,0.0023678389843553305
1335,Avg_ioss,70,0.0018102666294640478
1336,PSNR,70,26.91921291762441
1337,Loss,71,1,0.0016752757364884019
1338,Loss,71,2,0.0012100209714844823
1339,Loss,71,3,0.0015814402140676975
1340,Loss,71,4,0.0029588770121335983
1341,Loss,71,5,0.0022765109315514565
1342,Loss,71,6,0.001732931938022375
1343,Loss,71,7,0.001947285607457161
1344,Loss,71,8,0.0015084320912137628
1345,Loss,71,9,0.0014756493037566543
1346,Loss,71,10,0.0016133199678733945
1347,Loss,71,11,0.0020256023854017258
1348,Loss,71,12,0.0013729613274335861
1349,Loss,71,13,0.0018646513344720006
1350,Loss,71,14,0.001744309440255165
1351,Loss,71,15,0.0018938900902867317
1352,Loss,71,16,0.0013159305090084672
1353,Loss,71,17,0.002546088770031929
1354,Avg_ioss,71,0.001808422213584623
1355,PSNR,71,26.929224102316127
1356,Loss,72,1,0.0017305007204413414
1357,Loss,72,2,0.001954443985596299
1358,Loss,72,3,0.001631972729228437
1359,Loss,72,4,0.002583394991233945
1360,Loss,72,5,0.002056106925010681
1361,Loss,72,6,0.0015844242880120873
1362,Loss,72,7,0.001707782386802137
1363,Loss,72,8,0.0016531209694221616
1364,Loss,72,9,0.0013537119375541806
1365,Loss,72,10,0.0022436443250626326
1366,Loss,72,11,0.0019545480608940125
1367,Loss,72,12,0.0009388811886310577
1368,Loss,72,13,0.0018914180109277368
1369,Loss,72,14,0.0022206134162843227
1370,Loss,72,15,0.0014467017026618123
1371,Loss,72,16,0.001680274959653616
1372,Loss,72,17,0.0017314450815320015
1373,Avg_ioss,72,0.0017860579811146155
1374,PSNR,72,26.935491958232205
1375,Loss,73,1,0.001348943100310862
1376,Loss,73,2,0.0017974931979551911
1377,Loss,73,3,0.0013913288712501526
1378,Loss,73,4,0.0016359029104933143
1379,Loss,73,5,0.0025249954778701067
1380,Loss,73,6,0.0015081086894497275
1381,Loss,73,7,0.0015917872078716755
1382,Loss,73,8,0.001669506193138659
1383,Loss,73,9,0.0015955207636579871
1384,Loss,73,10,0.0023549324832856655
1385,Loss,73,11,0.0019651304464787245
1386,Loss,73,12,0.0027870668563991785
1387,Loss,73,13,0.003008908359333873
1388,Loss,73,14,0.0019052332499995828
1389,Loss,73,15,0.0018820622935891151
1390,Loss,73,16,0.0009810785995796323
1391,Loss,73,17,0.0018252781592309475
1392,Avg_ioss,73,0.001869016285876141
1393,PSNR,73,26.907716258062017
1394,Loss,74,1,0.0015369373140856624
1395,Loss,74,2,0.0017337411409243941
1396,Loss,74,3,0.001724041416309774
1397,Loss,74,4,0.0013028745306655765
1398,Loss,74,5,0.0024864471051841974
1399,Loss,74,6,0.0017495843349024653
1400,Loss,74,7,0.0013169869780540466
1401,Loss,74,8,0.002282807370647788
1402,Loss,74,9,0.0019208304584026337
1403,Loss,74,10,0.002076367847621441
1404,Loss,74,11,0.00216388120315969
1405,Loss,74,12,0.001570640946738422
1406,Loss,74,13,0.0016993085155263543
1407,Loss,74,14,0.0024777904618531466
1408,Loss,74,15,0.0012059321161359549
1409,Loss,74,16,0.0016862107440829277
1410,Loss,74,17,0.001672171987593174
1411,Avg_ioss,74,0.0018003855571698617
1412,PSNR,74,26.944446391476355
1413,Loss,75,1,0.001695442944765091
1414,Loss,75,2,0.001674654078669846
1415,Loss,75,3,0.0013077007606625557
1416,Loss,75,4,0.0016751891234889627
1417,Loss,75,5,0.0014126828173175454
1418,Loss,75,6,0.002743887947872281
1419,Loss,75,7,0.0015332646435126662
1420,Loss,75,8,0.0016740961000323296
1421,Loss,75,9,0.002474951557815075
1422,Loss,75,10,0.0019135699840262532
1423,Loss,75,11,0.0022329462226480246
1424,Loss,75,12,0.0018819106044247746
1425,Loss,75,13,0.0016924855299293995
1426,Loss,75,14,0.0017977686366066337
1427,Loss,75,15,0.0013542104279622436
1428,Loss,75,16,0.001973725389689207
1429,Loss,75,17,0.0009312094189226627
1430,Avg_ioss,75,0.001762923305196797
1431,PSNR,75,26.94667299463259
1432,Loss,76,1,0.002284916350618005
1433,Loss,76,2,0.0005472703487612307
1434,Loss,76,3,0.0018960367888212204
1435,Loss,76,4,0.0021770645398646593
1436,Loss,76,5,0.001755087054334581
1437,Loss,76,6,0.0015872186049818993
1438,Loss,76,7,0.002689338056370616
1439,Loss,76,8,0.0014548314502462745
1440,Loss,76,9,0.0016423659399151802
1441,Loss,76,10,0.0018268167041242123
1442,Loss,76,11,0.0014796719187870622
1443,Loss,76,12,0.0020519134122878313
1444,Loss,76,13,0.002097073942422867
1445,Loss,76,14,0.0013866662047803402
1446,Loss,76,15,0.0013800697633996606
1447,Loss,76,16,0.0015282867243513465
1448,Loss,76,17,0.0027668054681271315
1449,Avg_ioss,76,0.0017971431336584775
1450,PSNR,76,26.958148401741862
1451,Loss,77,1,0.001965370262041688
1452,Loss,77,2,0.0020627640187740326
1453,Loss,77,3,0.0013588108122348785
1454,Loss,77,4,0.0017831483855843544
1455,Loss,77,5,0.0018507195636630058
1456,Loss,77,6,0.001929334714077413
1457,Loss,77,7,0.0014794636517763138
1458,Loss,77,8,0.0011609868379309773
1459,Loss,77,9,0.0023187280166894197
1460,Loss,77,10,0.0014378336491063237
1461,Loss,77,11,0.0018416531383991241
1462,Loss,77,12,0.0021045550238341093
1463,Loss,77,13,0.0016232860507443547
1464,Loss,77,14,0.0014745532535016537
1465,Loss,77,15,0.0019474109867587686
1466,Loss,77,16,0.0014800283825024962
1467,Loss,77,17,0.0028247435111552477
1468,Avg_ioss,77,0.001802552368163186
1469,PSNR,77,26.964103311607616
1470,Loss,78,1,0.002327669644728303
1471,Loss,78,2,0.002740047872066498
1472,Loss,78,3,0.002179674105718732
1473,Loss,78,4,0.001571320928633213
1474,Loss,78,5,0.0013507070252671838
1475,Loss,78,6,0.0018555517308413982
1476,Loss,78,7,0.0020021283999085426
1477,Loss,78,8,0.0026967173907905817
1478,Loss,78,9,0.0020938485395163298
1479,Loss,78,10,0.001996796578168869
1480,Loss,78,11,0.0015805164584890008
1481,Loss,78,12,0.0016605196287855506
1482,Loss,78,13,0.002179447328671813
1483,Loss,78,14,0.0025101485662162304
1484,Loss,78,15,0.0016036857850849628
1485,Loss,78,16,0.00175498949829489
1486,Loss,78,17,0.0016117976047098637
1487,Avg_ioss,78,0.001983268652111292
1488,PSNR,78,26.55381105892626
1489,Loss,79,1,0.0015673431335017085
1490,Loss,79,2,0.0021967582870274782
1491,Loss,79,3,0.0028204123955219984
1492,Loss,79,4,0.001985949231311679
1493,Loss,79,5,0.002465496538206935
1494,Loss,79,6,0.0019553990568965673
1495,Loss,79,7,0.0014919234672561288
1496,Loss,79,8,0.002017144113779068
1497,Loss,79,9,0.002305193804204464
1498,Loss,79,10,0.0021511029917746782
1499,Loss,79,11,0.0017042731633409858
1500,Loss,79,12,0.0021903037559241056
1501,Loss,79,13,0.0013875133590772748
1502,Loss,79,14,0.0018654830055311322
1503,Loss,79,15,0.0012604861985892057
1504,Loss,79,16,0.001737946760840714
1505,Loss,79,17,0.0019902163185179234
1506,Avg_ioss,79,0.0019466438577236498
1507,PSNR,79,26.873708524158783
1508,Loss,80,1,0.0016233111964538693
1509,Loss,80,2,0.0017799580236896873
1510,Loss,80,3,0.002380547346547246
1511,Loss,80,4,0.001228887471370399
1512,Loss,80,5,0.0019601734820753336
1513,Loss,80,6,0.0021679892670363188
1514,Loss,80,7,0.002308503957465291
1515,Loss,80,8,0.0018055550754070282
1516,Loss,80,9,0.001697403029538691
1517,Loss,80,10,0.0015179160982370377
1518,Loss,80,11,0.0013558046193793416
1519,Loss,80,12,0.0012737395009025931
1520,Loss,80,13,0.0020360795315355062
1521,Loss,80,14,0.0017558197723701596
1522,Loss,80,15,0.002113898517563939
1523,Loss,80,16,0.0017235362902283669
1524,Loss,80,17,0.0014936303487047553
1525,Avg_ioss,80,0.0017778090310885625
1526,PSNR,80,26.9022201288046
1527,Loss,81,1,0.0017054836498573422
1528,Loss,81,2,0.0011592895025387406
1529,Loss,81,3,0.002155731664970517
1530,Loss,81,4,0.0021673189476132393
1531,Loss,81,5,0.0014524691505357623
1532,Loss,81,6,0.0014048096491023898
1533,Loss,81,7,0.0018117571016773582
1534,Loss,81,8,0.0019734851084649563
1535,Loss,81,9,0.0015737417852506042
1536,Loss,81,10,0.0017508001765236259
1537,Loss,81,11,0.0022034167777746916
1538,Loss,81,12,0.001596225774846971
1539,Loss,81,13,0.0018256865441799164
1540,Loss,81,14,0.0013086894759908319
1541,Loss,81,15,0.002234805840998888
1542,Loss,81,16,0.001760450191795826
1543,Loss,81,17,0.0027667973190546036
1544,Avg_ioss,81,0.0018147622741868392
1545,PSNR,81,26.971603762867975
1546,Loss,82,1,0.0022186667192727327
1547,Loss,82,2,0.0017845724942162633
1548,Loss,82,3,0.00115874782204628
1549,Loss,82,4,0.001137830433435738
1550,Loss,82,5,0.0016730534844100475
1551,Loss,82,6,0.00193475978448987
1552,Loss,82,7,0.0013201705878600478
1553,Loss,82,8,0.0017666113562881947
1554,Loss,82,9,0.002517785644158721
1555,Loss,82,10,0.0016809813678264618
1556,Loss,82,11,0.002215954242274165
1557,Loss,82,12,0.0017703742487356067
1558,Loss,82,13,0.0012607872486114502
1559,Loss,82,14,0.001789307571016252
1560,Loss,82,15,0.0015993606066331267
1561,Loss,82,16,0.002085035666823387
1562,Loss,82,17,0.002821787493303418
1563,Avg_ioss,82,0.0018079874571412802
1564,PSNR,82,26.94528955372196
1565,Loss,83,1,0.001483385101892054
1566,Loss,83,2,0.0015457700937986374
1567,Loss,83,3,0.002143591409549117
1568,Loss,83,4,0.002103430451825261
1569,Loss,83,5,0.001768957357853651
1570,Loss,83,6,0.001823567203246057
1571,Loss,83,7,0.0014730830444023013
1572,Loss,83,8,0.0020453238394111395
1573,Loss,83,9,0.0017891023308038712
1574,Loss,83,10,0.0010726831387728453
1575,Loss,83,11,0.002482532523572445
1576,Loss,83,12,0.001387217896990478
1577,Loss,83,13,0.0017969234613701701
1578,Loss,83,14,0.002053980715572834
1579,Loss,83,15,0.0017641173908486962
1580,Loss,83,16,0.0017535919323563576
1581,Loss,83,17,0.0015967495273798704
1582,Avg_ioss,83,0.0017696474952732816
1583,PSNR,83,26.95937678723073
1584,Loss,84,1,0.001527020358480513
1585,Loss,84,2,0.0018436405807733536
1586,Loss,84,3,0.001428674440830946
1587,Loss,84,4,0.0023141915444284678
1588,Loss,84,5,0.0020437685307115316
1589,Loss,84,6,0.0016632223268970847
1590,Loss,84,7,0.0016785779735073447
1591,Loss,84,8,0.00167850183788687
1592,Loss,84,9,0.001496241777203977
1593,Loss,84,10,0.001966968411579728
1594,Loss,84,11,0.0009998702444136143
1595,Loss,84,12,0.0018451432697474957
1596,Loss,84,13,0.002326105022802949
1597,Loss,84,14,0.001687492593191564
1598,Loss,84,15,0.0023292985279113054
1599,Loss,84,16,0.0013733110390603542
1600,Loss,84,17,0.0019318085396662354
1601,Avg_ioss,84,0.001772578648181961
1602,PSNR,84,26.96958727811228
1603,Loss,85,1,0.0019941048230975866
1604,Loss,85,2,0.002185425255447626
1605,Loss,85,3,0.0015974988928064704
1606,Loss,85,4,0.0013396007707342505
1607,Loss,85,5,0.0013318215496838093
1608,Loss,85,6,0.0021068528294563293
1609,Loss,85,7,0.0019128950079903007
1610,Loss,85,8,0.0018743700347840786
1611,Loss,85,9,0.0013887546956539154
1612,Loss,85,10,0.0013549178838729858
1613,Loss,85,11,0.001611127401702106
1614,Loss,85,12,0.0018488321220502257
1615,Loss,85,13,0.0021902460139244795
1616,Loss,85,14,0.0015772338956594467
1617,Loss,85,15,0.002127282088622451
1618,Loss,85,16,0.0020194407552480698
1619,Loss,85,17,0.0014138304395601153
1620,Avg_ioss,85,0.0017573079094290733
1621,PSNR,85,26.99382484354251
1622,Loss,86,1,0.0019844730850309134
1623,Loss,86,2,0.0016896951710805297
1624,Loss,86,3,0.0024394765496253967
1625,Loss,86,4,0.001560026896186173
1626,Loss,86,5,0.0012511679669842124
1627,Loss,86,6,0.0018977746367454529
1628,Loss,86,7,0.0016117451013997197
1629,Loss,86,8,0.001299528288654983
1630,Loss,86,9,0.0020794791635125875
1631,Loss,86,10,0.0015485117910429835
1632,Loss,86,11,0.0019153262255713344
1633,Loss,86,12,0.0016476018354296684
1634,Loss,86,13,0.0016341930022463202
1635,Loss,86,14,0.002322492189705372
1636,Loss,86,15,0.0018426444148644805
1637,Loss,86,16,0.0016859127208590508
1638,Loss,86,17,0.0013916841708123684
1639,Avg_ioss,86,0.001753043129985385
1640,PSNR,86,26.998435524737793
1641,Loss,87,1,0.0018565066857263446
1642,Loss,87,2,0.001366550219245255
1643,Loss,87,3,0.0019880824256688356
1644,Loss,87,4,0.0024184517096728086
1645,Loss,87,5,0.0016315896064043045
1646,Loss,87,6,0.0014557879185304046
1647,Loss,87,7,0.0015018550911918283
1648,Loss,87,8,0.0029485616832971573
1649,Loss,87,9,0.0016924903029575944
1650,Loss,87,10,0.0013677309034392238
1651,Loss,87,11,0.0022268204484134912
1652,Loss,87,12,0.0012372195487841964
1653,Loss,87,13,0.001252952846698463
1654,Loss,87,14,0.0019138901261612773
1655,Loss,87,15,0.0015214720042422414
1656,Loss,87,16,0.0017046447610482574
1657,Loss,87,17,0.0018304013647139072
1658,Avg_ioss,87,0.0017597063321291523
1659,PSNR,87,27.00400869567762
1660,Loss,88,1,0.001618572510778904
1661,Loss,88,2,0.0023828221019357443
1662,Loss,88,3,0.0015649719862267375
1663,Loss,88,4,0.001464438741095364
1664,Loss,88,5,0.002238740911707282
1665,Loss,88,6,0.001665857038460672
1666,Loss,88,7,0.0017077233642339706
1667,Loss,88,8,0.002104442333802581
1668,Loss,88,9,0.0018880916759371758
1669,Loss,88,10,0.0017531346529722214
1670,Loss,88,11,0.0016511381836608052
1671,Loss,88,12,0.0012421704595908523
1672,Loss,88,13,0.001341052819043398
1673,Loss,88,14,0.0018858378753066063
1674,Loss,88,15,0.0016406638314947486
1675,Loss,88,16,0.001532282680273056
1676,Loss,88,17,0.002404187573119998
1677,Avg_ioss,88,0.0017697722788023599
1678,PSNR,88,26.99821110528053
1679,Loss,89,1,0.0016328053316101432
1680,Loss,89,2,0.0012115751160308719
1681,Loss,89,3,0.0019825021736323833
1682,Loss,89,4,0.0013578332727774978
1683,Loss,89,5,0.002432294888421893
1684,Loss,89,6,0.0012068839278072119
1685,Loss,89,7,0.0015562637709081173
1686,Loss,89,8,0.0018856768729165196
1687,Loss,89,9,0.002271870383992791
1688,Loss,89,10,0.001892324537038803
1689,Loss,89,11,0.001391590223647654
1690,Loss,89,12,0.0015111182583495975
1691,Loss,89,13,0.0025400076992809772
1692,Loss,89,14,0.0019389746012166142
1693,Loss,89,15,0.00200285785831511
1694,Loss,89,16,0.0013642701087519526
1695,Loss,89,17,0.0016827944200485945
1696,Avg_ioss,89,0.0017565672614556901
1697,PSNR,89,27.00734110964394
1698,Loss,90,1,0.0018400303088128567
1699,Loss,90,2,0.00153735198546201
1700,Loss,90,3,0.002017116406932473
1701,Loss,90,4,0.0016198307275772095
1702,Loss,90,5,0.001968418713659048
1703,Loss,90,6,0.0018767943838611245
1704,Loss,90,7,0.002949451794847846
1705,Loss,90,8,0.0016457699239253998
1706,Loss,90,9,0.001752834185026586
1707,Loss,90,10,0.0011249242816120386
1708,Loss,90,11,0.0017469654558226466
1709,Loss,90,12,0.0019911755807697773
1710,Loss,90,13,0.001542524085380137
1711,Loss,90,14,0.0015639079501852393
1712,Loss,90,15,0.0015077582793310285
1713,Loss,90,16,0.0011487525189295411
1714,Loss,90,17,0.0020933577325195074
1715,Avg_ioss,90,0.00176040966556791
1716,PSNR,90,27.00644825706563
1717,Loss,91,1,0.0021106258500367403
1718,Loss,91,2,0.0017247452633455396
1719,Loss,91,3,0.0013435123255476356
1720,Loss,91,4,0.0011460708919912577
1721,Loss,91,5,0.0017455137567594647
1722,Loss,91,6,0.001768665504641831
1723,Loss,91,7,0.0019147963030263782
1724,Loss,91,8,0.002434615744277835
1725,Loss,91,9,0.0019449886167421937
1726,Loss,91,10,0.002084887819364667
1727,Loss,91,11,0.001398989581502974
1728,Loss,91,12,0.0018948308425024152
1729,Loss,91,13,0.0016177482903003693
1730,Loss,91,14,0.0014809748390689492
1731,Loss,91,15,0.002340933308005333
1732,Loss,91,16,0.0016307090409100056
1733,Loss,91,17,0.0012297797948122025
1734,Avg_ioss,91,0.0017536698689903406
1735,PSNR,91,26.95004284610432
1736,Loss,92,1,0.0017623426392674446
1737,Loss,92,2,0.0017829942516982555
1738,Loss,92,3,0.001547859632410109
1739,Loss,92,4,0.0018858803668990731
1740,Loss,92,5,0.001603840384632349
1741,Loss,92,6,0.0018669241108000278
1742,Loss,92,7,0.0020264529157429934
1743,Loss,92,8,0.0009050857624970376
1744,Loss,92,9,0.001148933544754982
1745,Loss,92,10,0.0025105683598667383
1746,Loss,92,11,0.0023958950769156218
1747,Loss,92,12,0.0021813949570059776
1748,Loss,92,13,0.0014012345345690846
1749,Loss,92,14,0.002548879710957408
1750,Loss,92,15,0.001463851542212069
1751,Loss,92,16,0.001723244902677834
1752,Loss,92,17,0.0016334446845576167
1753,Avg_ioss,92,0.0017875780810273306
1754,PSNR,92,26.95647831472133
1755,Loss,93,1,0.0020151070784777403
1756,Loss,93,2,0.0017289590323343873
1757,Loss,93,3,0.0017333715222775936
1758,Loss,93,4,0.0019146247068420053
1759,Loss,93,5,0.0018469662172719836
1760,Loss,93,6,0.0014408970018848777
1761,Loss,93,7,0.0023879774380475283
1762,Loss,93,8,0.0017431266605854034
1763,Loss,93,9,0.001974666491150856
1764,Loss,93,10,0.0016182750696316361
1765,Loss,93,11,0.0014075242215767503
1766,Loss,93,12,0.0014271034160628915
1767,Loss,93,13,0.0024231395218521357
1768,Loss,93,14,0.00234909076243639
1769,Loss,93,15,0.0022181004751473665
1770,Loss,93,16,0.0022961741778999567
1771,Loss,93,17,0.0018519292352721095
1772,Avg_ioss,93,0.0019045313546324476
1773,PSNR,93,26.512418010382838
1774,Loss,94,1,0.0014056391082704067
1775,Loss,94,2,0.0014661335153505206
1776,Loss,94,3,0.0015067938948050141
1777,Loss,94,4,0.0011981738498434424
1778,Loss,94,5,0.0022390943486243486
1779,Loss,94,6,0.0018050180515274405
1780,Loss,94,7,0.0022994030732661486
1781,Loss,94,8,0.002429091138765216
1782,Loss,94,9,0.0020476419012993574
1783,Loss,94,10,0.001822486869059503
1784,Loss,94,11,0.0019435844151303172
1785,Loss,94,12,0.002040956635028124
1786,Loss,94,13,0.0020795685704797506
1787,Loss,94,14,0.0019257372478023171
1788,Loss,94,15,0.002098008757457137
1789,Loss,94,16,0.0013628503074869514
1790,Loss,94,17,0.0018450890202075243
1791,Avg_ioss,94,0.001853839453200207
1792,PSNR,94,26.758314718291345
1793,Loss,95,1,0.0022505493834614754
1794,Loss,95,2,0.002173599088564515
1795,Loss,95,3,0.0014624781906604767
1796,Loss,95,4,0.0010702450526878238
1797,Loss,95,5,0.0021410733461380005
1798,Loss,95,6,0.0013308770721778274
1799,Loss,95,7,0.0014938496751710773
1800,Loss,95,8,0.001449289731681347
1801,Loss,95,9,0.0016911654965952039
1802,Loss,95,10,0.0023964860010892153
1803,Loss,95,11,0.001991328550502658
1804,Loss,95,12,0.0023510826285928488
1805,Loss,95,13,0.0014845001278445125
1806,Loss,95,14,0.0028076793532818556
1807,Loss,95,15,0.0014511196641251445
1808,Loss,95,16,0.0013507948024198413
1809,Loss,95,17,0.002582696033641696
1810,Avg_ioss,95,0.0018516949528609129
1811,PSNR,95,26.729929291408027
1812,Loss,96,1,0.0018220474012196064
1813,Loss,96,2,0.0014447836438193917
1814,Loss,96,3,0.0016534124733880162
1815,Loss,96,4,0.0021313342731446028
1816,Loss,96,5,0.0015433145454153419
1817,Loss,96,6,0.0012607378885149956
1818,Loss,96,7,0.0015402358258143067
1819,Loss,96,8,0.0026185642927885056
1820,Loss,96,9,0.002368791261687875
1821,Loss,96,10,0.0016577703645452857
1822,Loss,96,11,0.0015913984971120954
1823,Loss,96,12,0.0016137580387294292
1824,Loss,96,13,0.0021672972943633795
1825,Loss,96,14,0.0016528392443433404
1826,Loss,96,15,0.0017060722457244992
1827,Loss,96,16,0.0022555734030902386
1828,Loss,96,17,0.002050490351393819
1829,Avg_ioss,96,0.0018281424144173369
1830,PSNR,96,26.797869357330136
1831,Loss,97,1,0.001783907413482666
1832,Loss,97,2,0.002130701905116439
1833,Loss,97,3,0.002554983599111438
1834,Loss,97,4,0.0015638532349839807
1835,Loss,97,5,0.0017905471613630652
1836,Loss,97,6,0.0020146765746176243
1837,Loss,97,7,0.001134732854552567
1838,Loss,97,8,0.001840531243942678
1839,Loss,97,9,0.0020886026322841644
1840,Loss,97,10,0.001561161014251411
1841,Loss,97,11,0.001791174872778356
1842,Loss,97,12,0.0012954991543665528
1843,Loss,97,13,0.0017597464611753821
1844,Loss,97,14,0.0019546973053365946
1845,Loss,97,15,0.001825574436224997
1846,Loss,97,16,0.0017205491894856095
1847,Loss,97,17,0.001237069140188396
1848,Avg_ioss,97,0.0017675298937212896
1849,PSNR,97,27.006681223637795
1850,Loss,98,1,0.0017673514084890485
1851,Loss,98,2,0.001634870539419353
1852,Loss,98,3,0.0016520385397598147
1853,Loss,98,4,0.0016033812426030636
1854,Loss,98,5,0.0016161598032340407
1855,Loss,98,6,0.001322053256444633
1856,Loss,98,7,0.001082328031770885
1857,Loss,98,8,0.0016519842902198434
1858,Loss,98,9,0.001363313291221857
1859,Loss,98,10,0.0018524294719099998
1860,Loss,98,11,0.002035814570263028
1861,Loss,98,12,0.0018238482298329473
1862,Loss,98,13,0.0026770737022161484
1863,Loss,98,14,0.001844173762947321
1864,Loss,98,15,0.0012883840827271342
1865,Loss,98,16,0.0023724378552287817
1866,Loss,98,17,0.0023214505054056644
1867,Avg_ioss,98,0.001759358387276092
1868,PSNR,98,27.03122579405556
1869,Loss,99,1,0.002041266532614827
1870,Loss,99,2,0.0018310295417904854
1871,Loss,99,3,0.001872917520813644
1872,Loss,99,4,0.0016018161550164223
1873,Loss,99,5,0.0018954388797283173
1874,Loss,99,6,0.0013666340382769704
1875,Loss,99,7,0.0022828364744782448
1876,Loss,99,8,0.001284071709960699
1877,Loss,99,9,0.0018169572576880455
1878,Loss,99,10,0.0011933614732697606
1879,Loss,99,11,0.0018160653999075294
1880,Loss,99,12,0.0021941622253507376
1881,Loss,99,13,0.0015006618341431022
1882,Loss,99,14,0.0017106542363762856
1883,Loss,99,15,0.0015335488133132458
1884,Loss,99,16,0.0013652470661327243
1885,Loss,99,17,0.0026606281753629446
1886,Avg_ioss,99,0.0017627821961308226
1887,PSNR,99,27.039502848864437
1888,Loss,100,1,0.0009746106807142496
1889,Loss,100,2,0.0020393608137965202
1890,Loss,100,3,0.0013413775013759732
1891,Loss,100,4,0.0015927344793453813
1892,Loss,100,5,0.002226209035143256
1893,Loss,100,6,0.0018803220009431243
1894,Loss,100,7,0.002083627274259925
1895,Loss,100,8,0.0021935731638222933
1896,Loss,100,9,0.0013528346316888928
1897,Loss,100,10,0.0028004643972963095
1898,Loss,100,11,0.0013066442916169763
1899,Loss,100,12,0.001445835456252098
1900,Loss,100,13,0.0016672007041051984
1901,Loss,100,14,0.0022876157891005278
1902,Loss,100,15,0.001185922184959054
1903,Loss,100,16,0.0016470224363729358
1904,Loss,100,17,0.001503465580753982
1905,Avg_ioss,100,0.0017369894365615705
1906,PSNR,100,27.044587770285574
